Country,Year,Avg Temperature (°C),CO2 Emissions (Tons/Capita),Sea Level Rise (mm),Rainfall (mm),Population,Renewable Energy (%),Extreme Weather Events,Forest Area (%),Temp_Deviation,CO2_per_million,Renewable_Ratio,Forest_Category,Latitude,Longitude
Argentina,2000,16.9,3.9,4.0,2047.0,564877556.0,15.5,11.0,18.4,-2.961541666666669,2203.0224684,0.155,Low,-34.9964963,-64.9672817
Argentina,2001,21.975,12.600000000000001,3.175,2306.25,835770157.25,23.45,4.5,23.2,2.113458333333334,10530.70398135,0.2345,Low,-34.9964963,-64.9672817
Argentina,2002,20.950000000000003,15.100000000000001,2.1,1190.5,778623458.5,18.9,8.5,41.0,1.0884583333333353,11757.21422335,0.18899999999999997,Medium,-34.9964963,-64.9672817
Argentina,2003,10.0,16.5,1.3,626.0,1211429158.0,21.9,13.0,17.2,-9.861541666666668,19988.581107,0.21899999999999997,Low,-34.9964963,-64.9672817
Argentina,2004,12.600000000000001,5.3,1.75,1353.0,928702111.5,23.7,0.5,43.5,-7.261541666666666,4922.12119095,0.237,Medium,-34.9964963,-64.9672817
Argentina,2005,14.283333333333333,9.549999999999999,2.9333333333333336,1738.1666666666667,866439171.1666666,21.283333333333335,6.833333333333333,39.86666666666667,-5.578208333333334,8274.494084641665,0.21283333333333335,Medium,-34.9964963,-64.9672817
Argentina,2006,22.75,12.075000000000001,3.675,1426.75,759524025.0,34.125,9.25,46.875,2.8884583333333325,9171.252601875,0.34125,Medium,-34.9964963,-64.9672817
Argentina,2007,7.7,19.9,1.6,918.0,203114192.0,16.9,10.0,58.7,-12.161541666666668,4041.9724208,0.16899999999999998,High,-34.9964963,-64.9672817
Argentina,2008,20.759999999999998,8.8,3.2,1574.8,955282066.0,36.3,8.2,36.239999999999995,0.8984583333333305,8406.482180800002,0.363,Medium,-34.9964963,-64.9672817
Argentina,2009,17.766666666666666,6.933333333333334,3.483333333333333,1769.3333333333333,728025145.0,22.733333333333334,6.666666666666667,46.06666666666666,-2.094875000000002,5047.641005333334,0.22733333333333333,Medium,-34.9964963,-64.9672817
Argentina,2010,15.2,7.7,2.2,1449.5,634993236.0,19.3,7.0,42.5,-4.661541666666668,4889.4479172,0.193,Medium,-34.9964963,-64.9672817
Argentina,2012,20.950000000000003,8.35,2.5,667.0,688300017.5,21.45,7.5,16.85,1.0884583333333353,5747.305146125,0.2145,Low,-34.9964963,-64.9672817
Argentina,2013,27.32,9.120000000000001,3.5,1443.0,909123895.4,24.720000000000002,8.0,30.9,7.458458333333333,8291.209926048,0.24720000000000003,Medium,-34.9964963,-64.9672817
Argentina,2014,26.366666666666664,14.533333333333333,3.1,2289.0,815849504.3333334,14.899999999999999,2.0,51.36666666666667,6.505124999999996,11857.012796311112,0.149,High,-34.9964963,-64.9672817
Argentina,2015,20.7,12.8,4.3,2761.0,455823356.0,50.0,3.0,19.4,0.8384583333333318,5834.5389568,0.5,Low,-34.9964963,-64.9672817
Argentina,2016,14.2,12.399999999999999,3.45,1807.5,874105140.0,25.5,2.5,48.05,-5.661541666666668,10838.903735999998,0.255,Medium,-34.9964963,-64.9672817
Argentina,2018,28.96666666666667,14.333333333333334,4.466666666666666,2085.3333333333335,531545300.6666667,39.86666666666667,5.333333333333333,43.03333333333333,9.105125000000001,7618.815976222223,0.39866666666666667,Medium,-34.9964963,-64.9672817
Argentina,2019,19.033333333333335,6.266666666666667,2.5333333333333337,1873.0,866661274.6666666,31.599999999999998,8.333333333333334,54.73333333333333,-0.8282083333333325,5431.077321244444,0.316,High,-34.9964963,-64.9672817
Argentina,2020,9.566666666666666,11.233333333333334,3.5,1365.6666666666667,751301180.6666666,31.900000000000002,5.333333333333333,51.199999999999996,-10.294875000000001,8439.616596155556,0.319,High,-34.9964963,-64.9672817
Argentina,2021,15.933333333333332,9.866666666666667,3.0,1949.3333333333333,429658307.6666667,31.733333333333334,2.0,25.900000000000002,-3.9282083333333357,4239.295302311111,0.31733333333333336,Medium,-34.9964963,-64.9672817
Argentina,2022,17.45,9.799999999999999,3.25,1415.5,821009718.0,19.75,6.5,27.6,-2.4115416666666682,8045.895236399999,0.1975,Medium,-34.9964963,-64.9672817
Argentina,2023,20.633333333333333,12.283333333333333,3.5666666666666664,2165.0,511798904.8333333,35.916666666666664,8.833333333333334,39.800000000000004,0.7717916666666653,6286.596547702778,0.35916666666666663,Medium,-34.9964963,-64.9672817
Australia,2000,11.933333333333335,10.466666666666667,2.2666666666666666,2033.3333333333333,831776454.0,25.566666666666666,9.666666666666666,58.13333333333333,-7.928208333333332,8705.9268852,0.25566666666666665,High,-24.7761086,134.755
Australia,2001,18.9,9.5,3.45,1666.0,667315454.0,25.0,6.5,40.55,-0.961541666666669,6339.496813,0.25,Medium,-24.7761086,134.755
Australia,2002,23.025,8.9,2.9,1804.25,524479760.25,24.725,7.75,35.875,3.163458333333331,4667.869866225001,0.24725000000000003,Medium,-24.7761086,134.755
Australia,2003,22.400000000000002,13.4,3.1999999999999997,2330.0,652846865.3333334,23.766666666666666,4.666666666666667,43.86666666666667,2.5384583333333346,8748.147995466667,0.23766666666666666,Medium,-24.7761086,134.755
Australia,2004,14.62,7.68,2.2800000000000002,1196.6,666948750.8,20.8,6.4,38.96,-5.241541666666668,5122.166406143999,0.20800000000000002,Medium,-24.7761086,134.755
Australia,2005,34.4,4.0,4.8,2014.0,748486965.0,15.6,9.0,67.1,14.538458333333331,2993.94786,0.156,High,-24.7761086,134.755
Australia,2006,20.4,1.8,3.6,773.0,174232548.0,39.6,0.0,26.3,0.538458333333331,313.6185864,0.396,Medium,-24.7761086,134.755
Australia,2008,19.200000000000003,8.5,3.0,1753.5,1224480892.5,32.6,7.5,37.7,-0.6615416666666647,10408.08758625,0.326,Medium,-24.7761086,134.755
Australia,2010,21.833333333333332,3.966666666666667,3.8333333333333335,2313.0,791472737.3333334,20.533333333333335,6.333333333333333,43.26666666666667,1.9717916666666646,3139.5085247555558,0.20533333333333334,Medium,-24.7761086,134.755
Australia,2011,18.16,12.08,3.1,1933.4,932632948.6,34.42,4.4,40.6,-1.7015416666666674,11266.206019088002,0.3442,Medium,-24.7761086,134.755
Australia,2012,17.05,4.6499999999999995,3.8499999999999996,1727.0,704103146.0,25.200000000000003,7.0,57.05,-2.811541666666667,3274.0796288999995,0.252,High,-24.7761086,134.755
Australia,2014,27.2,2.0,3.9,589.0,761742932.0,34.8,14.0,37.2,7.338458333333332,1523.485864,0.348,Medium,-24.7761086,134.755
Australia,2015,6.2,1.5,3.2,2271.0,428326345.0,49.8,6.0,17.0,-13.661541666666668,642.4895175,0.498,Low,-24.7761086,134.755
Australia,2016,21.4,13.475,4.125,1347.0,687765937.5,26.5,7.25,35.0,1.538458333333331,9267.6460078125,0.265,Medium,-24.7761086,134.755
Australia,2017,26.35,5.15,1.8,1180.0,751876856.5,10.05,3.0,37.65,6.488458333333334,3872.1658109750006,0.1005,Medium,-24.7761086,134.755
Australia,2018,18.675,11.7,2.725,1254.75,1072034224.25,18.6,3.25,30.725,-1.1865416666666668,12542.800423724999,0.18600000000000003,Medium,-24.7761086,134.755
Australia,2019,19.96,7.359999999999999,2.82,2322.2,324317574.6,33.12,10.8,42.18,0.09845833333333331,2386.9773490559996,0.3312,Medium,-24.7761086,134.755
Australia,2020,20.35,9.350000000000001,3.625,1269.75,859997201.0,21.55,6.25,39.375,0.4884583333333339,8040.973829350001,0.2155,Medium,-24.7761086,134.755
Australia,2021,24.9,4.9,4.1,2911.0,281959311.0,45.8,1.0,68.3,5.038458333333331,1381.6006239,0.45799999999999996,High,-24.7761086,134.755
Australia,2022,18.333333333333332,11.833333333333334,3.966666666666667,1660.3333333333333,663524844.0,19.0,9.666666666666666,44.666666666666664,-1.5282083333333354,7851.710654,0.19,Medium,-24.7761086,134.755
Australia,2023,11.5,9.2,2.3,1910.0,1010451727.0,15.5,5.0,24.4,-8.361541666666668,9296.155888399999,0.155,Low,-24.7761086,134.755
Brazil,2000,31.2,14.6,3.7,803.0,255339962.0,28.3,9.0,21.7,11.338458333333332,3727.9634452,0.28300000000000003,Low,-10.3333333,-53.2
Brazil,2001,17.15,11.350000000000001,3.4499999999999997,1492.0,623329603.5,20.6,12.5,44.65,-2.711541666666669,7074.790999725002,0.20600000000000002,Medium,-10.3333333,-53.2
Brazil,2002,14.266666666666667,11.066666666666668,3.0,2127.0,563195666.3333334,36.1,9.0,29.03333333333333,-5.594875,6232.698707422223,0.361,Medium,-10.3333333,-53.2
Brazil,2003,17.45,12.75,3.3,1616.0,533033990.5,34.65,8.0,41.25,-2.4115416666666682,6796.183378875,0.3465,Medium,-10.3333333,-53.2
Brazil,2004,16.4,10.1,3.8,1641.0,681529141.0,6.6,7.0,27.7,-3.461541666666669,6883.444324099999,0.066,Medium,-10.3333333,-53.2
Brazil,2005,34.4,5.0,3.7,2132.0,104922177.0,29.3,3.0,46.9,14.538458333333331,524.610885,0.293,Medium,-10.3333333,-53.2
Brazil,2006,22.233333333333334,11.733333333333333,2.6999999999999997,2343.3333333333335,769149289.0,30.633333333333336,6.333333333333333,41.666666666666664,2.3717916666666667,9024.684990933332,0.30633333333333335,Medium,-10.3333333,-53.2
Brazil,2007,25.3,19.9,2.3,2051.0,196111561.0,39.9,3.0,24.0,5.438458333333333,3902.6200638999994,0.39899999999999997,Low,-10.3333333,-53.2
Brazil,2008,20.6,8.86,3.7600000000000002,1733.4,502293315.6,30.46,5.0,53.720000000000006,0.7384583333333339,4450.318776216,0.3046,High,-10.3333333,-53.2
Brazil,2009,31.5,9.3,3.6,1149.0,172465953.0,23.7,9.0,15.4,11.638458333333332,1603.9333629,0.237,Low,-10.3333333,-53.2
Brazil,2010,16.419999999999998,12.26,3.6,1668.4,774635388.0,21.64,5.2,37.18,-3.4415416666666694,9497.029856879999,0.2164,Medium,-10.3333333,-53.2
Brazil,2011,22.47142857142857,9.585714285714285,3.1571428571428575,1935.857142857143,920252099.7142857,24.385714285714283,8.571428571428571,37.0,2.609886904761904,8821.273698689796,0.24385714285714283,Medium,-10.3333333,-53.2
Brazil,2012,22.5,11.600000000000001,2.1666666666666665,2278.0,570872848.3333334,47.56666666666666,6.0,27.03333333333333,2.6384583333333325,6622.125040666668,0.4756666666666666,Medium,-10.3333333,-53.2
Brazil,2013,23.233333333333334,14.566666666666668,3.133333333333333,2071.0,564851910.6666666,22.766666666666666,9.333333333333334,43.63333333333333,3.3717916666666667,8228.009498711112,0.22766666666666666,Medium,-10.3333333,-53.2
Brazil,2014,24.075,10.325,3.025,1576.75,673227342.5,29.25,5.5,41.275,4.213458333333332,6951.072311312499,0.2925,Medium,-10.3333333,-53.2
Brazil,2015,17.75,14.3,4.0,1394.5,1069665487.5,13.7,6.0,39.65,-2.1115416666666675,15296.21647125,0.13699999999999998,Medium,-10.3333333,-53.2
Brazil,2016,24.660000000000004,9.24,3.1,1264.2,648286561.4,32.66,8.2,38.779999999999994,4.798458333333336,5990.167827335999,0.32659999999999995,Medium,-10.3333333,-53.2
Brazil,2017,13.299999999999999,10.133333333333333,3.2000000000000006,2142.0,741458331.3333334,23.900000000000002,6.0,46.300000000000004,-6.561541666666669,7513.444424177778,0.23900000000000002,Medium,-10.3333333,-53.2
Brazil,2018,16.3,6.88,3.04,2062.6,564449890.6,29.0,5.6,37.1,-3.561541666666667,3883.415247328,0.29,Medium,-10.3333333,-53.2
Brazil,2019,21.0,19.8,1.5,1519.0,341217904.0,34.7,5.0,63.4,1.1384583333333325,6756.1144992,0.34700000000000003,High,-10.3333333,-53.2
Brazil,2020,23.36,9.7,3.02,1373.4,1144944834.4,36.92,3.6,43.480000000000004,3.498458333333332,11105.96489368,0.36920000000000003,Medium,-10.3333333,-53.2
Brazil,2021,27.5,14.6,3.2,2320.0,552258722.0,14.8,9.0,59.3,7.6384583333333325,8062.9773411999995,0.14800000000000002,High,-10.3333333,-53.2
Brazil,2022,18.4,9.5,4.6,1691.0,302427829.0,30.3,12.0,36.2,-1.461541666666669,2873.0643755,0.303,Medium,-10.3333333,-53.2
Brazil,2023,19.35,13.1,2.7,2351.5,399203792.5,29.6,10.5,40.4,-0.5115416666666661,5229.56968175,0.29600000000000004,Medium,-10.3333333,-53.2
Canada,2000,19.3,8.85,2.65,1383.0,414931290.5,22.75,8.5,42.1,-0.5615416666666668,3672.141920925,0.2275,Medium,61.0666922,-107.991707
Canada,2001,21.25,13.8,3.65,1496.0,862518925.5,27.1,1.5,46.75,1.3884583333333325,11902.761171900002,0.271,Medium,61.0666922,-107.991707
Canada,2002,22.6,11.65,2.9,2018.875,669252430.5,25.0875,9.5,34.2625,2.738458333333334,7796.790815325,0.25087499999999996,Medium,61.0666922,-107.991707
Canada,2003,11.6,15.2,1.9,2798.0,625984226.0,31.8,0.0,58.3,-8.261541666666668,9514.960235199998,0.318,High,61.0666922,-107.991707
Canada,2004,19.85,5.675,3.375,1823.5,215015307.5,41.325,7.25,53.175000000000004,-0.011541666666666117,1220.2118700625,0.41325,High,61.0666922,-107.991707
Canada,2005,16.185714285714287,7.785714285714286,3.757142857142857,2152.714285714286,891024638.8571428,25.2,6.857142857142857,44.1,-3.6758273809523807,6937.263259673468,0.252,Medium,61.0666922,-107.991707
Canada,2006,16.633333333333333,8.5,2.533333333333333,1677.6666666666667,879102652.0,33.7,9.333333333333334,42.266666666666666,-3.2282083333333347,7472.372542,0.337,Medium,61.0666922,-107.991707
Canada,2007,29.4,10.1,2.7,1132.0,274322712.0,18.75,9.0,47.3,9.538458333333331,2770.6593912,0.1875,Medium,61.0666922,-107.991707
Canada,2008,14.633333333333333,13.666666666666666,3.5666666666666664,2870.3333333333335,317765794.0,17.2,12.0,34.8,-5.228208333333335,4342.799184666666,0.172,Medium,61.0666922,-107.991707
Canada,2009,24.1,15.3,3.2,557.0,915322799.0,49.4,8.0,43.6,4.238458333333334,14004.4388247,0.494,Medium,61.0666922,-107.991707
Canada,2010,5.5,13.7,4.8,2145.0,72556185.0,44.3,9.0,52.4,-14.361541666666668,994.0197345,0.44299999999999995,High,61.0666922,-107.991707
Canada,2012,17.380000000000003,10.559999999999999,3.1,1739.6,596571825.2,21.2,5.0,43.14,-2.481541666666665,6299.798474112,0.212,Medium,61.0666922,-107.991707
Canada,2013,12.916666666666666,14.700000000000001,2.8166666666666664,1698.8333333333333,794879756.8333334,23.86666666666667,7.0,40.5,-6.9448750000000015,11684.73242545,0.2386666666666667,Medium,61.0666922,-107.991707
Canada,2014,27.6,11.3,2.65,1765.5,995009297.5,42.55,7.5,56.900000000000006,7.738458333333334,11243.60506175,0.4255,High,61.0666922,-107.991707
Canada,2015,25.4,4.5,4.6,2286.0,646048990.0,10.9,11.0,46.7,5.538458333333331,2907.220455,0.109,Medium,61.0666922,-107.991707
Canada,2016,25.05,7.1,2.85,1825.0,492501773.75,34.0,1.75,38.425,5.188458333333333,3496.762593625,0.34,Medium,61.0666922,-107.991707
Canada,2017,15.5,7.199999999999999,3.45,2278.0,1267688411.5,30.35,7.0,60.7,-4.3615416666666675,9127.3565628,0.3035,High,61.0666922,-107.991707
Canada,2018,31.9,7.8,1.75,1089.0,484242306.0,37.05,5.0,38.8,12.038458333333331,3777.0899867999997,0.3705,Medium,61.0666922,-107.991707
Canada,2019,25.65,5.25,4.75,2571.0,1181977638.0,5.65,6.5,52.2,5.788458333333331,6205.3825995,0.0565,High,61.0666922,-107.991707
Canada,2020,33.3,19.4,4.1,2011.0,117312606.0,36.2,12.0,15.7,13.43845833333333,2275.8645563999994,0.36200000000000004,Low,61.0666922,-107.991707
Canada,2021,19.200000000000003,13.65,1.9,1497.0,807954646.0,12.149999999999999,11.5,11.95,-0.6615416666666647,11028.580917899999,0.12149999999999998,Low,61.0666922,-107.991707
Canada,2022,28.7,5.9,2.0,2726.0,599372628.0,15.9,8.0,46.0,8.838458333333332,3536.2985052000004,0.159,Medium,61.0666922,-107.991707
Canada,2023,20.7,7.900000000000001,4.1000000000000005,948.0,987307952.0,17.133333333333333,6.666666666666667,36.699999999999996,0.8384583333333318,7799.732820800001,0.17133333333333334,Medium,61.0666922,-107.991707
China,2000,26.2,6.925000000000001,2.2,1849.0,692054707.5,36.675,5.25,44.525,6.338458333333332,4792.478849437501,0.36674999999999996,Medium,35.000074,104.999927
China,2001,27.4,19.0,3.9,2416.0,171927360.0,42.9,12.0,19.2,7.538458333333331,3266.61984,0.429,Low,35.000074,104.999927
China,2003,22.02,10.16,2.66,2360.6,740185242.6,24.04,7.2,42.3,2.158458333333332,7520.282064816,0.2404,Medium,35.000074,104.999927
China,2004,21.14,10.9,2.58,2057.2,332979499.0,36.96,6.2,31.32,1.278458333333333,3629.4765391,0.3696,Medium,35.000074,104.999927
China,2006,11.5,10.5,2.45,2745.5,978299365.5,20.2,6.5,58.5,-8.361541666666668,10272.14333775,0.20199999999999999,High,35.000074,104.999927
China,2007,11.5,8.633333333333333,3.3333333333333335,1683.0,481125480.6666667,25.866666666666664,9.333333333333334,39.86666666666667,-8.361541666666668,4153.716649755555,0.25866666666666666,Medium,35.000074,104.999927
China,2008,34.8,19.8,2.8,904.0,1119409767.0,20.2,9.0,53.5,14.93845833333333,22164.313386600003,0.20199999999999999,High,35.000074,104.999927
China,2010,18.599999999999998,11.766666666666666,2.533333333333333,2043.6666666666667,450149088.0,28.066666666666666,6.333333333333333,62.666666666666664,-1.2615416666666697,5296.754268799999,0.2806666666666667,High,35.000074,104.999927
China,2011,17.98,12.040000000000001,3.2,1629.4,709910008.0,23.44,5.0,35.839999999999996,-1.8815416666666671,8547.316496320002,0.23440000000000003,Medium,35.000074,104.999927
China,2012,19.966666666666665,15.633333333333333,3.1666666666666665,1543.0,573194554.3333334,44.300000000000004,8.333333333333334,54.1,0.10512499999999747,8960.941532744444,0.44300000000000006,High,35.000074,104.999927
China,2013,14.4,1.5,4.2,1359.0,709386257.0,18.6,13.0,12.9,-5.461541666666667,1064.0793855,0.18600000000000003,Low,35.000074,104.999927
China,2014,7.6,10.2,3.2,577.0,316387268.0,10.1,1.0,12.0,-12.261541666666668,3227.1501336,0.10099999999999999,Low,35.000074,104.999927
China,2015,19.766666666666666,15.033333333333333,2.6666666666666665,1380.3333333333333,717339050.0,18.53333333333333,8.0,55.199999999999996,-0.09487500000000182,10783.997051666665,0.18533333333333332,High,35.000074,104.999927
China,2016,19.825,4.675,2.525,1764.25,826703127.0,35.9,8.25,34.95,-0.03654166666666825,3864.837118725,0.359,Medium,35.000074,104.999927
China,2017,21.475,9.875,3.25,1709.0,382156746.25,34.75,8.0,47.2,1.6134583333333339,3773.79786921875,0.3475,Medium,35.000074,104.999927
China,2018,22.28333333333333,9.466666666666667,2.8166666666666664,1869.5,534934720.5,27.46666666666667,10.333333333333334,48.23333333333333,2.421791666666664,5064.0486874,0.27466666666666667,Medium,35.000074,104.999927
China,2019,20.85,14.649999999999999,2.95,2094.5,372220037.5,21.15,0.5,52.95,0.9884583333333339,5453.023549374999,0.2115,High,35.000074,104.999927
China,2020,19.22,11.66,3.18,2034.4,815944910.8,30.78,5.8,45.4,-0.6415416666666687,9513.917659928,0.3078,Medium,35.000074,104.999927
China,2021,20.8,12.566666666666668,3.1666666666666665,1455.0,316817780.0,34.13333333333333,9.666666666666666,40.53333333333334,0.9384583333333332,3981.343435333334,0.3413333333333333,Medium,35.000074,104.999927
China,2022,23.099999999999998,13.266666666666666,3.266666666666667,2003.0,664439282.0,27.7,9.0,48.5,3.2384583333333303,8814.894474533332,0.27699999999999997,Medium,35.000074,104.999927
China,2023,21.099999999999998,9.333333333333334,3.4333333333333336,1572.0,747871011.3333334,23.73333333333333,8.333333333333334,58.26666666666667,1.2384583333333303,6980.129439111111,0.2373333333333333,High,35.000074,104.999927
France,2000,16.6,14.6,2.8000000000000003,1819.6666666666667,213601955.66666666,32.9,11.333333333333334,49.699999999999996,-3.261541666666666,3118.588552733333,0.32899999999999996,Medium,46.603354,1.8883335
France,2001,27.0,13.3,4.4,2989.0,1018260723.0,38.5,14.0,64.6,7.1384583333333325,13542.867615900002,0.385,High,46.603354,1.8883335
France,2002,23.53333333333333,16.733333333333334,3.6666666666666665,2496.0,822687215.6666666,21.8,3.0,38.6,3.671791666666664,13766.299408822222,0.218,Medium,46.603354,1.8883335
France,2003,18.766666666666666,9.9,3.6666666666666665,1045.3333333333333,674678130.6666666,31.433333333333334,13.666666666666666,37.23333333333333,-1.0948750000000018,6679.3134936,0.31433333333333335,Medium,46.603354,1.8883335
France,2004,20.7,10.7,2.35,1904.5,923109245.5,9.05,7.0,46.2,0.8384583333333318,9877.268926849998,0.09050000000000001,Medium,46.603354,1.8883335
France,2005,29.7,18.6,2.5,1501.0,1030270792.0,21.5,11.0,63.4,9.838458333333332,19163.0367312,0.215,High,46.603354,1.8883335
France,2006,16.400000000000002,15.4,3.1,1857.0,899768321.3333334,37.03333333333333,3.6666666666666665,20.933333333333334,-3.4615416666666654,13856.432148533335,0.3703333333333333,Low,46.603354,1.8883335
France,2007,27.166666666666668,9.9,3.0999999999999996,2243.0,640646322.3333334,28.0,8.0,66.03333333333333,7.305125,6342.3985911,0.28,High,46.603354,1.8883335
France,2008,13.0,14.066666666666668,2.1333333333333333,1491.0,228496119.66666666,34.9,11.666666666666666,58.46666666666667,-6.8615416666666675,3214.178749977778,0.349,High,46.603354,1.8883335
France,2009,8.4,17.9,1.6,839.0,619079995.0,39.3,5.0,57.1,-11.461541666666667,11081.5319105,0.39299999999999996,High,46.603354,1.8883335
France,2010,14.0,2.9,2.1,1085.0,218199220.0,17.1,14.0,65.9,-5.8615416666666675,632.777738,0.171,High,46.603354,1.8883335
France,2011,21.7,5.2,2.6,1181.0,1214544133.0,33.1,14.0,54.4,1.8384583333333318,6315.629491600001,0.331,High,46.603354,1.8883335
France,2012,14.7,7.7,2.5,1412.2,735205326.2,21.28,7.2,33.739999999999995,-5.161541666666668,5661.081011740001,0.21280000000000002,Medium,46.603354,1.8883335
France,2013,14.866666666666665,11.633333333333333,3.9,1661.3333333333333,576593830.0,36.56666666666667,8.333333333333334,28.566666666666663,-4.994875000000002,6707.708222333333,0.3656666666666667,Medium,46.603354,1.8883335
France,2014,23.942857142857143,8.77142857142857,2.8428571428571425,2056.4285714285716,618405148.0,25.642857142857142,9.571428571428571,28.099999999999998,4.0813154761904755,5424.2965838857135,0.25642857142857145,Medium,46.603354,1.8883335
France,2015,21.560000000000002,8.3,3.56,1822.8,913213256.4,26.580000000000002,11.2,31.279999999999994,1.6984583333333347,7579.670028120001,0.26580000000000004,Medium,46.603354,1.8883335
France,2016,32.6,18.1,4.0,1545.0,333230308.0,49.5,10.0,64.8,12.738458333333334,6031.4685748,0.495,High,46.603354,1.8883335
France,2017,21.65,4.0,2.8499999999999996,2432.5,811481286.5,33.2,3.0,43.75,1.788458333333331,3245.925146,0.332,Medium,46.603354,1.8883335
France,2018,22.266666666666666,7.133333333333333,3.8666666666666667,1667.0,1028797717.3333334,18.0,8.666666666666666,42.0,2.405124999999998,7338.75705031111,0.18,Medium,46.603354,1.8883335
France,2019,23.53333333333333,15.033333333333333,3.1333333333333333,2268.3333333333335,582489910.6666666,26.933333333333334,9.0,48.96666666666667,3.671791666666664,8756.764990355554,0.2693333333333333,Medium,46.603354,1.8883335
France,2020,5.1,8.5,4.3,1315.0,943264951.0,50.0,7.0,41.3,-14.761541666666668,8017.7520835,0.5,Medium,46.603354,1.8883335
France,2021,13.5,10.64,3.1799999999999997,2205.4,884897856.0,30.5,8.8,25.1,-6.3615416666666675,9415.31318784,0.305,Medium,46.603354,1.8883335
France,2022,16.15,12.799999999999999,3.75,1647.0,410684275.5,25.05,5.0,38.900000000000006,-3.711541666666669,5256.758726399999,0.2505,Medium,46.603354,1.8883335
France,2023,19.75,11.625,4.300000000000001,755.25,758348216.25,34.8,7.25,29.7,-0.11154166666666754,8815.79801390625,0.348,Medium,46.603354,1.8883335
Germany,2000,9.75,5.949999999999999,1.4500000000000002,2641.0,926116364.5,32.25,5.5,42.4,-10.111541666666668,5510.392368774999,0.3225,Medium,51.1638175,10.4478313
Germany,2001,21.566666666666666,7.216666666666666,4.066666666666666,1907.3333333333333,759926230.3333334,21.366666666666664,8.166666666666666,46.800000000000004,1.705124999999999,5484.134295572222,0.21366666666666664,Medium,51.1638175,10.4478313
Germany,2002,15.8,18.85,1.8,2159.0,883523300.0,27.2,5.0,46.45,-4.061541666666667,16654.414205,0.272,Medium,51.1638175,10.4478313
Germany,2003,30.5,7.7,3.0,2871.0,1038669571.0,19.4,10.0,33.5,10.638458333333332,7997.7556967,0.19399999999999998,Medium,51.1638175,10.4478313
Germany,2004,17.075,13.0,3.975,1660.75,734279667.0,37.0,6.5,60.0,-2.7865416666666682,9545.635671,0.37,High,51.1638175,10.4478313
Germany,2005,27.266666666666666,11.066666666666668,2.966666666666667,1355.3333333333333,1223339775.6666667,18.733333333333334,9.0,50.36666666666667,7.405124999999998,13538.29351737778,0.18733333333333335,High,51.1638175,10.4478313
Germany,2006,25.0,7.9,4.6,1605.0,703458181.0,19.2,1.0,22.6,5.1384583333333325,5557.319629900001,0.192,Low,51.1638175,10.4478313
Germany,2007,20.057142857142857,8.585714285714285,2.8857142857142857,1659.7142857142858,559247753.1428572,26.67142857142857,6.714285714285714,38.271428571428565,0.1956011904761894,4801.5414234122445,0.2667142857142857,Medium,51.1638175,10.4478313
Germany,2008,28.1,3.7,1.4,2223.0,333786819.0,10.7,9.0,66.0,8.238458333333334,1235.0112302999999,0.107,High,51.1638175,10.4478313
Germany,2009,18.633333333333333,8.0,1.9166666666666667,1537.8333333333333,968925346.6666666,30.566666666666666,4.833333333333333,43.86666666666667,-1.2282083333333347,7751.402773333333,0.30566666666666664,Medium,51.1638175,10.4478313
Germany,2010,24.9,11.2,1.4,1841.0,63908951.0,40.7,10.0,21.9,5.038458333333331,715.7802512,0.40700000000000003,Low,51.1638175,10.4478313
Germany,2011,24.1,17.3,2.1,2854.0,398407112.0,41.0,3.0,19.8,4.238458333333334,6892.4430376,0.41,Low,51.1638175,10.4478313
Germany,2012,21.2,10.100000000000001,2.8,1237.0,824033042.0,28.900000000000002,7.5,41.85,1.3384583333333318,8322.733724200001,0.28900000000000003,Medium,51.1638175,10.4478313
Germany,2013,17.9,4.8,4.6,1198.0,226407206.0,19.4,13.0,17.7,-1.961541666666669,1086.7545888,0.19399999999999998,Low,51.1638175,10.4478313
Germany,2014,21.7,17.7,2.9,688.0,598463676.0,48.6,10.0,50.4,1.8384583333333318,10592.807065199999,0.486,High,51.1638175,10.4478313
Germany,2015,18.833333333333332,5.033333333333334,2.766666666666667,1547.0,393454944.0,43.43333333333334,10.666666666666666,42.73333333333333,-1.0282083333333354,1980.3898848000001,0.43433333333333335,Medium,51.1638175,10.4478313
Germany,2016,24.1,5.85,4.05,2265.0,889274114.0,26.7,6.5,47.5,4.238458333333334,5202.2535669,0.267,Medium,51.1638175,10.4478313
Germany,2017,19.35,18.2,3.25,1902.5,852728211.0,33.35,11.5,42.699999999999996,-0.5115416666666661,15519.6534402,0.3335,Medium,51.1638175,10.4478313
Germany,2018,21.75,10.075,2.575,1560.0,963730135.75,19.575,6.25,38.2,1.8884583333333325,9709.58111768125,0.19574999999999998,Medium,51.1638175,10.4478313
Germany,2019,8.3,4.5,4.3,2101.0,567106041.0,41.3,8.0,29.2,-11.561541666666667,2551.9771845,0.413,Medium,51.1638175,10.4478313
Germany,2021,20.049999999999997,11.75,3.45,1406.0,975487671.0,43.3,6.0,49.599999999999994,0.18845833333332962,11461.98013425,0.433,Medium,51.1638175,10.4478313
Germany,2022,19.5,12.360000000000001,2.34,1508.0,694626882.4,32.6,5.0,34.04,-0.36154166666666754,8585.588266464001,0.326,Medium,51.1638175,10.4478313
Germany,2023,21.3,10.9,2.0,2069.6666666666665,703946815.6666666,17.900000000000002,3.0,47.4,1.4384583333333332,7673.020290766666,0.17900000000000002,Medium,51.1638175,10.4478313
India,2000,21.25,12.25,3.25,1124.5,475745329.25,19.799999999999997,7.5,37.0,1.3884583333333325,5827.8802833125,0.19799999999999998,Medium,22.3511148,78.6677428
India,2001,15.05,7.9,3.45,1554.5,458271595.5,18.75,5.0,25.55,-4.811541666666667,3620.3456044500003,0.1875,Medium,22.3511148,78.6677428
India,2002,21.78333333333333,7.45,3.4333333333333336,1778.3333333333333,638704319.5,22.7,5.833333333333333,47.46666666666667,1.921791666666664,4758.347180275001,0.22699999999999998,Medium,22.3511148,78.6677428
India,2003,11.0,16.0,3.733333333333333,1387.6666666666667,158459652.33333334,36.13333333333333,7.666666666666667,33.86666666666667,-8.861541666666668,2535.3544373333334,0.36133333333333334,Medium,22.3511148,78.6677428
India,2004,21.2,13.525,2.7750000000000004,1590.0,554418694.5,32.625,8.25,35.15,1.3384583333333318,7498.5128431125,0.32625,Medium,22.3511148,78.6677428
India,2005,21.45,8.75,2.2,1418.875,576524537.875,26.525,6.75,45.1875,1.5884583333333318,5044.58970640625,0.26525,Medium,22.3511148,78.6677428
India,2006,16.4,5.4,3.7,2452.0,30380783.0,31.8,11.0,22.6,-3.461541666666669,164.05622820000002,0.318,Low,22.3511148,78.6677428
India,2007,29.333333333333332,11.666666666666666,1.8333333333333333,1616.0,716546880.6666666,23.866666666666664,13.0,26.866666666666664,9.471791666666665,8359.713607777776,0.23866666666666664,Medium,22.3511148,78.6677428
India,2008,16.3,18.7,4.8,2141.0,281361562.0,47.8,2.0,30.2,-3.561541666666667,5261.4612093999995,0.478,Medium,22.3511148,78.6677428
India,2009,23.25,11.4,3.5,1753.5,731355143.0,14.55,3.0,56.099999999999994,3.3884583333333325,8337.4486302,0.14550000000000002,High,22.3511148,78.6677428
India,2011,10.3,4.5,4.8,1530.0,575572757.0,28.6,0.0,62.0,-9.561541666666667,2590.0774065,0.28600000000000003,High,22.3511148,78.6677428
India,2012,12.5,10.6,3.733333333333334,1321.3333333333333,745107333.0,33.766666666666666,9.333333333333334,36.4,-7.3615416666666675,7898.1377298,0.33766666666666667,Medium,22.3511148,78.6677428
India,2013,21.65,14.5,2.1,1317.5,965418807.5,45.75,4.0,26.65,1.788458333333331,13998.57270875,0.4575,Medium,22.3511148,78.6677428
India,2014,24.7,11.35,3.6,1465.0,826281791.5,37.2,9.5,19.35,4.838458333333332,9378.298333525,0.37200000000000005,Low,22.3511148,78.6677428
India,2015,15.65,7.1,3.5999999999999996,1341.0,892121368.5,37.2,11.0,54.85,-4.211541666666667,6334.061716349999,0.37200000000000005,High,22.3511148,78.6677428
India,2016,17.275,11.700000000000001,2.8499999999999996,1524.25,779693628.25,24.025,8.25,36.225,-2.586541666666669,9122.415450525,0.24025,Medium,22.3511148,78.6677428
India,2017,16.366666666666667,5.3999999999999995,2.2333333333333334,2079.0,952925299.3333334,39.766666666666666,9.0,28.833333333333332,-3.4948750000000004,5145.7966164,0.39766666666666667,Medium,22.3511148,78.6677428
India,2018,29.5,12.533333333333333,3.5666666666666664,2600.0,339552402.6666667,30.7,8.666666666666666,31.433333333333334,9.638458333333332,4255.723446755555,0.307,Medium,22.3511148,78.6677428
India,2019,20.380000000000003,7.68,2.9,1622.0,928364153.8,19.080000000000002,9.8,39.84,0.518458333333335,7129.836701183999,0.19080000000000003,Medium,22.3511148,78.6677428
India,2020,9.6,5.7,1.2,795.0,988849880.0,11.1,8.0,44.9,-10.261541666666668,5636.444316,0.111,Medium,22.3511148,78.6677428
India,2021,17.479999999999997,13.080000000000002,2.3,1636.0,628542335.6,23.759999999999998,7.2,51.660000000000004,-2.3815416666666707,8221.333749648002,0.23759999999999998,High,22.3511148,78.6677428
India,2022,16.633333333333333,12.5,2.5666666666666664,1678.6666666666667,1020175443.0,28.73333333333333,5.333333333333333,39.76666666666667,-3.2282083333333347,12752.1930375,0.28733333333333333,Medium,22.3511148,78.6677428
India,2023,26.9,17.65,1.7,2061.5,536937978.5,32.55,8.5,37.900000000000006,7.038458333333331,9476.955320525,0.32549999999999996,Medium,22.3511148,78.6677428
Indonesia,2000,23.585714285714285,13.942857142857141,3.242857142857143,1781.4285714285713,646381068.2857143,26.685714285714287,6.571428571428571,38.84285714285714,3.724172619047618,9012.3988949551,0.26685714285714285,Medium,-2.4833826,117.8902853
Indonesia,2001,18.7,11.366666666666665,3.3666666666666667,1852.0,376860014.3333333,23.7,11.0,58.6,-1.1615416666666682,4283.642162922221,0.237,High,-2.4833826,117.8902853
Indonesia,2002,19.3,10.05,3.025,1175.0,320398832.5,26.825,3.5,45.525,-0.5615416666666668,3220.008266625,0.26825,Medium,-2.4833826,117.8902853
Indonesia,2003,12.7,16.0,2.0,2102.5,770400538.0,43.0,6.0,52.3,-7.161541666666668,12326.408608,0.43,High,-2.4833826,117.8902853
Indonesia,2004,14.2,11.8,2.58,2167.4,664034493.8,24.880000000000003,8.4,51.279999999999994,-5.661541666666668,7835.60702684,0.24880000000000002,High,-2.4833826,117.8902853
Indonesia,2005,18.8,3.4499999999999997,3.3,586.0,552297077.5,15.0,8.5,36.95,-1.0615416666666668,1905.4249173749997,0.15,Medium,-2.4833826,117.8902853
Indonesia,2006,20.7,8.825000000000001,3.025,1898.75,793988826.75,32.95,9.5,43.125,0.8384583333333318,7006.95139606875,0.3295,Medium,-2.4833826,117.8902853
Indonesia,2007,19.942857142857143,13.0,2.242857142857143,1799.4285714285713,759156740.7142857,17.957142857142856,6.428571428571429,34.98571428571429,0.08131547619047552,9869.037629285715,0.17957142857142855,Medium,-2.4833826,117.8902853
Indonesia,2008,15.75,7.4,1.6,1072.0,376533533.0,38.400000000000006,8.5,45.25,-4.1115416666666675,2786.3481442,0.38400000000000006,Medium,-2.4833826,117.8902853
Indonesia,2009,17.55,14.1,1.55,2036.5,690229827.5,38.2,8.5,54.1,-2.311541666666667,9732.24056775,0.382,High,-2.4833826,117.8902853
Indonesia,2010,15.719999999999999,9.24,3.46,1626.2,802621693.6,22.240000000000002,10.0,36.760000000000005,-4.141541666666669,7416.224448864,0.22240000000000001,Medium,-2.4833826,117.8902853
Indonesia,2011,13.766666666666667,10.366666666666667,2.8666666666666667,2490.3333333333335,1161008934.3333333,26.53333333333333,4.666666666666667,47.800000000000004,-6.094875,12035.792619255557,0.2653333333333333,Medium,-2.4833826,117.8902853
Indonesia,2012,14.700000000000001,10.75,1.9500000000000002,1305.5,1250899821.0,24.3,8.5,18.25,-5.1615416666666665,13447.17307575,0.243,Low,-2.4833826,117.8902853
Indonesia,2014,12.725,10.825,2.425,2095.25,821554077.5,36.4,6.75,26.950000000000003,-7.136541666666668,8893.3228889375,0.364,Medium,-2.4833826,117.8902853
Indonesia,2015,22.166666666666668,6.033333333333334,2.6,1655.6666666666667,736418344.3333334,41.300000000000004,11.0,49.800000000000004,2.3051250000000003,4443.057344144446,0.41300000000000003,Medium,-2.4833826,117.8902853
Indonesia,2016,19.95,7.975,2.2,2335.25,473988512.0,16.1,5.0,35.85,0.08845833333333175,3780.0583831999998,0.161,Medium,-2.4833826,117.8902853
Indonesia,2018,29.1,16.7,1.9,1382.0,1160732321.0,43.3,10.0,52.7,9.238458333333334,19384.2297607,0.433,High,-2.4833826,117.8902853
Indonesia,2019,12.966666666666667,11.466666666666667,2.3000000000000003,2070.3333333333335,665927997.3333334,27.5,10.333333333333334,46.73333333333333,-6.894875000000001,7635.974369422223,0.275,Medium,-2.4833826,117.8902853
Indonesia,2020,25.933333333333334,11.6,3.1666666666666665,1417.6666666666667,485781032.6666667,11.866666666666667,3.0,26.900000000000002,6.071791666666666,5635.059978933334,0.11866666666666667,Medium,-2.4833826,117.8902853
Indonesia,2021,22.166666666666668,12.033333333333333,3.5,1858.6666666666667,858131546.6666666,25.916666666666668,8.0,38.31666666666667,2.3051250000000003,10326.182944888888,0.25916666666666666,Medium,-2.4833826,117.8902853
Indonesia,2022,15.9,11.5,3.3,980.0,838390349.0,47.7,3.0,50.5,-3.961541666666667,9641.4890135,0.47700000000000004,High,-2.4833826,117.8902853
Indonesia,2023,28.15,12.9,2.65,2692.0,1098206293.5,17.75,11.0,20.1,8.288458333333331,14166.86118615,0.1775,Low,-2.4833826,117.8902853
Japan,2001,26.65,3.8,3.55,1192.5,673684847.5,10.8,5.5,51.15,6.788458333333331,2560.0024205,0.10800000000000001,High,36.5748441,139.2394179
Japan,2002,26.5,11.5,2.6999999999999997,2462.6666666666665,613197832.3333334,26.033333333333335,10.0,46.699999999999996,6.6384583333333325,7051.775071833334,0.26033333333333336,Medium,36.5748441,139.2394179
Japan,2003,24.96666666666667,10.833333333333334,4.0,2308.6666666666665,479709476.0,27.46666666666667,9.0,39.666666666666664,5.105125000000001,5196.852656666667,0.27466666666666667,Medium,36.5748441,139.2394179
Japan,2004,13.580000000000002,11.84,2.44,2044.2,976239642.0,41.54,6.2,35.739999999999995,-6.281541666666666,11558.67736128,0.4154,Medium,36.5748441,139.2394179
Japan,2005,10.7,15.7,1.1,629.0,1328981569.0,27.6,14.0,16.3,-9.161541666666668,20865.0106333,0.276,Low,36.5748441,139.2394179
Japan,2006,27.6,14.4,4.8,2726.0,63232362.0,26.2,9.0,12.9,7.738458333333334,910.5460128000001,0.262,Low,36.5748441,139.2394179
Japan,2007,15.4,1.3,4.3,921.0,194923647.0,31.5,3.0,45.1,-4.461541666666667,253.4007411,0.315,Medium,36.5748441,139.2394179
Japan,2008,16.55,9.9,2.975,2061.25,452369020.0,23.0,9.75,31.799999999999997,-3.311541666666667,4478.453298,0.23,Medium,36.5748441,139.2394179
Japan,2009,34.25,11.4,3.55,1458.5,114498662.0,37.45,3.5,19.25,14.388458333333332,1305.2847468,0.37450000000000006,Low,36.5748441,139.2394179
Japan,2010,24.5,12.2,1.7,610.0,156286200.0,23.2,12.0,58.6,4.6384583333333325,1906.69164,0.23199999999999998,High,36.5748441,139.2394179
Japan,2011,18.666666666666668,12.700000000000001,2.6999999999999997,1929.0,832151942.0,21.8,9.333333333333334,41.1,-1.1948749999999997,10568.329663400002,0.218,Medium,36.5748441,139.2394179
Japan,2012,10.55,18.25,3.3499999999999996,1293.5,916828451.0,16.95,4.5,26.4,-9.311541666666667,16732.11923075,0.16949999999999998,Medium,36.5748441,139.2394179
Japan,2014,23.2,11.325,4.05,1676.75,948045820.75,26.25,8.5,36.9,3.3384583333333318,10736.618919993749,0.2625,Medium,36.5748441,139.2394179
Japan,2015,23.200000000000003,12.100000000000001,2.7,1859.0,320918203.5,24.75,12.0,37.8,3.3384583333333353,3883.1102623500005,0.2475,Medium,36.5748441,139.2394179
Japan,2016,17.975,17.325,3.3249999999999997,1577.25,591327823.25,22.625,12.0,36.55,-1.8865416666666661,10244.75453780625,0.22625,Medium,36.5748441,139.2394179
Japan,2017,19.240000000000002,8.1,2.88,2359.6,1039657229.4,30.2,7.2,34.839999999999996,-0.6215416666666655,8421.22355814,0.302,Medium,36.5748441,139.2394179
Japan,2018,24.32,11.82,2.9,1999.0,704014141.8,28.939999999999998,8.2,51.42,4.458458333333333,8321.447156076,0.2894,High,36.5748441,139.2394179
Japan,2019,18.4,9.4,3.85,1459.0,803220177.5,28.35,9.0,51.1,-1.461541666666669,7550.2696685,0.28350000000000003,High,36.5748441,139.2394179
Japan,2020,19.25,12.4,3.45,1203.0,566426426.5,39.2,7.5,25.4,-0.6115416666666675,7023.6876886,0.392,Medium,36.5748441,139.2394179
Japan,2021,20.325,7.525,3.275,1295.75,472206586.25,29.474999999999998,5.0,34.7,0.46345833333333175,3553.35456153125,0.29474999999999996,Medium,36.5748441,139.2394179
Japan,2022,17.580000000000002,10.879999999999999,2.58,1912.8,803541832.6,28.04,5.4,38.2,-2.2815416666666657,8742.535138688,0.2804,Medium,36.5748441,139.2394179
Japan,2023,24.799999999999997,4.800000000000001,2.1500000000000004,1710.5,1064391177.5,18.95,6.0,51.650000000000006,4.93845833333333,5109.077652000001,0.1895,High,36.5748441,139.2394179
Mexico,2000,16.9,4.4,1.2,1974.5,519457195.0,20.35,11.0,47.15,-2.961541666666669,2285.611658,0.20350000000000001,Medium,23.6585116,-102.0077097
Mexico,2001,13.940000000000001,9.66,2.4,1989.0,523713478.0,23.7,6.8,38.260000000000005,-5.921541666666666,5059.072197480001,0.237,Medium,23.6585116,-102.0077097
Mexico,2002,11.7,4.6,2.2,2895.0,202831247.0,48.3,3.0,62.5,-8.161541666666668,933.0237361999999,0.483,High,23.6585116,-102.0077097
Mexico,2003,20.4,11.299999999999999,3.033333333333333,1565.6666666666667,302193487.6666667,27.700000000000003,7.0,36.43333333333333,0.538458333333331,3414.786410633333,0.277,Medium,23.6585116,-102.0077097
Mexico,2004,34.2,9.7,2.6,1096.0,1177772833.0,11.0,7.0,40.0,14.338458333333335,11424.396480099998,0.11,Medium,23.6585116,-102.0077097
Mexico,2005,7.2,5.2,1.1,1692.0,1128035409.0,33.3,8.0,30.0,-12.661541666666668,5865.7841268,0.33299999999999996,Medium,23.6585116,-102.0077097
Mexico,2006,20.55,3.4000000000000004,2.5999999999999996,1641.0,1163003844.0,22.450000000000003,5.5,43.4,0.6884583333333332,3954.2130696000004,0.22450000000000003,Medium,23.6585116,-102.0077097
Mexico,2007,8.6,4.1,1.9,880.0,1275080026.0,21.5,2.0,43.6,-11.261541666666668,5227.828106599999,0.215,Medium,23.6585116,-102.0077097
Mexico,2008,25.1,4.6,2.4,2894.0,237078466.0,7.8,5.0,53.1,5.238458333333334,1090.5609436,0.078,High,23.6585116,-102.0077097
Mexico,2009,25.5,2.5,3.6,2723.0,144553139.0,30.0,5.0,66.3,5.6384583333333325,361.3828475,0.3,High,23.6585116,-102.0077097
Mexico,2010,24.366666666666664,10.133333333333335,2.1333333333333333,1655.3333333333333,1284823302.3333333,44.1,5.666666666666667,38.96666666666667,4.505124999999996,13019.54279697778,0.441,Medium,23.6585116,-102.0077097
Mexico,2011,17.4,10.78,2.7199999999999998,2112.2,907518087.8,20.18,5.8,39.14,-2.461541666666669,9783.044986484,0.2018,Medium,23.6585116,-102.0077097
Mexico,2012,17.5,14.5,3.8000000000000003,1965.5,200605956.0,27.85,4.5,42.3,-2.3615416666666675,2908.786362,0.2785,Medium,23.6585116,-102.0077097
Mexico,2013,19.9,4.6,1.65,1831.0,411130449.5,31.2,12.0,55.25,0.03845833333333104,1891.2000676999999,0.312,High,23.6585116,-102.0077097
Mexico,2014,27.46666666666667,16.5,3.533333333333333,1595.0,516234719.6666667,29.433333333333334,5.666666666666667,57.06666666666666,7.605125000000001,8517.8728745,0.29433333333333334,High,23.6585116,-102.0077097
Mexico,2015,13.45,12.149999999999999,2.75,1517.0,650162904.0,41.05,5.0,61.7,-6.411541666666668,7899.4792836,0.4105,High,23.6585116,-102.0077097
Mexico,2016,14.399999999999999,17.35,2.5,846.5,1103205715.5,34.45,1.0,50.599999999999994,-5.461541666666669,19140.619163925003,0.34450000000000003,High,23.6585116,-102.0077097
Mexico,2017,23.175,6.3500000000000005,2.625,1809.25,1107638387.0,40.475,5.0,45.975,3.313458333333333,7033.503757450001,0.40475,Medium,23.6585116,-102.0077097
Mexico,2018,21.85,9.25,2.65,2244.5,330683632.0,21.15,5.5,33.8,1.9884583333333339,3058.823596,0.2115,Medium,23.6585116,-102.0077097
Mexico,2019,21.566666666666666,4.533333333333334,4.066666666666666,2158.0,1023693616.3333334,31.433333333333334,10.0,50.833333333333336,1.705124999999999,4640.7443940444455,0.31433333333333335,High,23.6585116,-102.0077097
Mexico,2020,20.2,15.4,2.2,1478.0,30190953.0,14.3,12.0,47.9,0.33845833333333175,464.9406762,0.14300000000000002,Medium,23.6585116,-102.0077097
Mexico,2021,32.375,9.125,3.175,1422.75,746728030.25,25.225,11.0,38.5,12.513458333333332,6813.89327603125,0.25225000000000003,Medium,23.6585116,-102.0077097
Mexico,2022,28.2,12.85,2.5,1917.5,976254560.5,17.05,4.0,25.1,8.338458333333332,12544.871102424999,0.1705,Medium,23.6585116,-102.0077097
Mexico,2023,20.0,9.75,2.75,1772.5,873525850.0,18.15,1.5,24.450000000000003,0.13845833333333246,8516.8770375,0.1815,Low,23.6585116,-102.0077097
Russia,2000,11.0,9.9,4.9,849.0,647111170.0,34.95,3.0,39.65,-8.861541666666668,6406.400583,0.34950000000000003,Medium,64.6863136,97.7453061
Russia,2001,26.65,7.8,3.9,1273.0,956417017.5,27.900000000000002,8.0,43.75,6.788458333333331,7460.0527365,0.279,Medium,64.6863136,97.7453061
Russia,2002,24.6,6.7125,3.0125,1899.75,389562243.125,28.275,5.375,41.1625,4.738458333333334,2614.9365569765623,0.28275,Medium,64.6863136,97.7453061
Russia,2003,16.233333333333334,10.466666666666667,4.1000000000000005,1336.3333333333333,829650407.3333334,18.366666666666667,10.0,50.6,-3.6282083333333333,8683.674263422223,0.18366666666666667,High,64.6863136,97.7453061
Russia,2004,32.0,2.8499999999999996,2.8,1964.5,719886955.0,28.6,6.5,37.95,12.138458333333332,2051.6778217499996,0.28600000000000003,Medium,64.6863136,97.7453061
Russia,2005,15.55,1.6,2.8,1607.5,914440976.0,43.3,13.0,38.7,-4.311541666666667,1463.1055616,0.433,Medium,64.6863136,97.7453061
Russia,2006,24.333333333333332,6.466666666666666,2.5,1795.3333333333333,951813428.6666666,23.133333333333336,7.0,27.066666666666666,4.471791666666665,6155.060172044443,0.23133333333333336,Medium,64.6863136,97.7453061
Russia,2007,24.2,9.98,3.8,1798.2,855377427.4,30.360000000000003,9.0,57.660000000000004,4.338458333333332,8536.666725452,0.30360000000000004,High,64.6863136,97.7453061
Russia,2008,21.900000000000002,10.883333333333333,3.0,1318.8333333333333,936358385.8333334,26.316666666666666,8.166666666666666,36.516666666666666,2.0384583333333346,10190.70043248611,0.26316666666666666,Medium,64.6863136,97.7453061
Russia,2009,26.05,12.8,2.8499999999999996,1373.5,1034046318.5,14.299999999999999,13.0,50.25,6.188458333333333,13235.792876800002,0.143,High,64.6863136,97.7453061
Russia,2010,19.85,11.15,4.15,1780.0,384067519.5,16.65,2.0,15.65,-0.011541666666666117,4282.352842425,0.16649999999999998,Low,64.6863136,97.7453061
Russia,2011,14.725,5.175000000000001,3.525,1870.0,706351718.0,29.275,8.25,47.75,-5.136541666666668,3655.3701406500004,0.29275,Medium,64.6863136,97.7453061
Russia,2012,17.4,8.1,4.3,2806.0,1085609772.0,41.5,2.0,22.8,-2.461541666666669,8793.439153199999,0.415,Low,64.6863136,97.7453061
Russia,2013,14.75,10.575,3.15,2283.75,362727117.25,28.35,8.5,30.475,-5.1115416666666675,3835.83926491875,0.28350000000000003,Medium,64.6863136,97.7453061
Russia,2014,9.4,9.7,4.5,1446.0,513004938.0,24.0,5.0,51.4,-10.461541666666667,4976.147898599999,0.24,High,64.6863136,97.7453061
Russia,2015,21.849999999999998,12.733333333333334,2.6833333333333336,1715.3333333333333,387339941.1666667,37.983333333333334,5.0,29.71666666666667,1.9884583333333303,4932.128584188889,0.37983333333333336,Medium,64.6863136,97.7453061
Russia,2016,22.066666666666666,7.099999999999999,2.566666666666667,1101.3333333333333,973168626.0,33.166666666666664,10.666666666666666,38.166666666666664,2.205124999999999,6909.497244599998,0.33166666666666667,Medium,64.6863136,97.7453061
Russia,2017,22.15,7.25,2.45,1921.5,932986867.0,25.25,8.0,12.65,2.288458333333331,6764.15478575,0.2525,Low,64.6863136,97.7453061
Russia,2018,19.9,3.3,2.55,1374.5,1043926792.0,36.95,9.0,40.5,0.03845833333333104,3444.9584136,0.36950000000000005,Medium,64.6863136,97.7453061
Russia,2019,12.35,12.95,4.4,2452.5,562568175.0,31.650000000000002,5.5,39.1,-7.511541666666668,7285.25786625,0.3165,Medium,64.6863136,97.7453061
Russia,2020,22.114285714285717,6.7,3.5285714285714285,1698.857142857143,570778022.4285715,29.042857142857144,6.0,32.15714285714286,2.25274404761905,3824.2127502714293,0.2904285714285714,Medium,64.6863136,97.7453061
Russia,2021,25.5,18.5,4.9,942.0,1252394217.0,17.9,12.0,60.2,5.6384583333333325,23169.2930145,0.179,High,64.6863136,97.7453061
Russia,2022,12.700000000000001,16.466666666666665,2.8666666666666667,2031.6666666666667,771049628.3333334,19.466666666666665,9.0,39.4,-7.1615416666666665,12696.617213222222,0.19466666666666665,Medium,64.6863136,97.7453061
Russia,2023,30.9,11.4,3.3,979.0,1012843726.0,27.6,13.0,60.2,11.038458333333331,11546.4184764,0.276,High,64.6863136,97.7453061
South Africa,2000,26.11428571428571,13.985714285714286,2.971428571428571,2189.8571428571427,539231125.0,25.41428571428571,6.142857142857143,32.51428571428571,6.252744047619043,7541.532448214286,0.2541428571428571,Medium,-28.8166236,24.991639
South Africa,2001,21.724999999999998,4.5,2.55,1502.5,921542079.0,32.25,9.75,33.75,1.8634583333333303,4146.9393555,0.3225,Medium,-28.8166236,24.991639
South Africa,2002,30.799999999999997,5.6,3.05,2375.0,260657828.5,28.5,8.0,37.85,10.93845833333333,1459.6838395999998,0.285,Medium,-28.8166236,24.991639
South Africa,2003,23.166666666666668,7.766666666666667,1.9333333333333333,1536.0,885968412.3333334,24.433333333333334,8.333333333333334,39.266666666666666,3.3051250000000003,6881.021335788889,0.24433333333333335,Medium,-28.8166236,24.991639
South Africa,2004,24.15,9.7,3.85,1004.75,748637333.5,17.275,5.25,54.95,4.288458333333331,7261.78213495,0.17275,High,-28.8166236,24.991639
South Africa,2006,9.05,13.75,4.05,2737.5,232215457.0,25.049999999999997,9.0,40.0,-10.811541666666667,3192.96253375,0.25049999999999994,Medium,-28.8166236,24.991639
South Africa,2007,17.1,10.8,1.2,1598.0,1245372198.0,21.2,7.0,62.9,-2.761541666666666,13450.019738400002,0.212,High,-28.8166236,24.991639
South Africa,2008,8.2,0.8,4.2,1061.0,748997300.0,30.1,6.0,68.3,-11.661541666666668,599.19784,0.301,High,-28.8166236,24.991639
South Africa,2009,22.599999999999998,12.6,1.6333333333333335,1678.3333333333333,485829785.3333333,11.466666666666667,8.666666666666666,56.23333333333333,2.7384583333333303,6121.4552951999995,0.11466666666666667,High,-28.8166236,24.991639
South Africa,2010,12.75,11.45,3.05,1924.5,1157809002.0,12.25,8.5,29.2,-7.1115416666666675,13256.913072899999,0.1225,Medium,-28.8166236,24.991639
South Africa,2011,17.666666666666668,8.299999999999999,2.5333333333333337,1630.0,992536055.0,26.166666666666668,3.3333333333333335,43.9,-2.1948749999999997,8238.049256499999,0.26166666666666666,Medium,-28.8166236,24.991639
South Africa,2012,20.64,9.559999999999999,3.44,1573.4,640320734.4,19.18,7.4,37.22,0.778458333333333,6121.466220863999,0.1918,Medium,-28.8166236,24.991639
South Africa,2013,20.2,10.4,1.5666666666666667,869.0,751337219.3333334,16.333333333333332,5.666666666666667,50.76666666666667,0.33845833333333175,7813.907081066667,0.16333333333333333,High,-28.8166236,24.991639
South Africa,2014,17.433333333333334,9.85,3.5500000000000003,1831.3333333333333,600011214.3333334,22.383333333333336,7.0,34.68333333333333,-2.428208333333334,5910.110461183333,0.22383333333333336,Medium,-28.8166236,24.991639
South Africa,2015,23.975,8.2,3.35,2051.5,740386842.25,24.674999999999997,7.0,43.625,4.113458333333334,6071.17210645,0.24674999999999997,Medium,-28.8166236,24.991639
South Africa,2016,19.14,7.42,2.38,1611.8,741285708.2,25.04,6.6,47.56,-0.721541666666667,5500.339954844,0.2504,Medium,-28.8166236,24.991639
South Africa,2017,21.6,8.450000000000001,2.7,1931.0,1132794639.5,27.8,4.0,35.5,1.7384583333333339,9572.114703775002,0.278,Medium,-28.8166236,24.991639
South Africa,2018,33.9,6.0,4.5,827.0,83947380.0,17.7,1.0,56.6,14.038458333333331,503.68428,0.177,High,-28.8166236,24.991639
South Africa,2019,26.8,2.8,1.3,1965.0,689862289.0,21.7,8.0,63.7,6.938458333333333,1931.6144091999997,0.217,High,-28.8166236,24.991639
South Africa,2020,18.36,10.540000000000001,3.04,1195.2,542073742.8,24.740000000000002,5.2,45.6,-1.501541666666668,5713.457249112001,0.2474,Medium,-28.8166236,24.991639
South Africa,2021,14.066666666666665,7.133333333333333,3.0666666666666664,2557.3333333333335,754645927.3333334,20.5,8.0,39.9,-5.794875000000003,5383.140948311111,0.205,Medium,-28.8166236,24.991639
South Africa,2022,22.424999999999997,12.6,2.775,1714.25,783238563.75,34.975,10.0,22.65,2.5634583333333296,9868.80590325,0.34975,Low,-28.8166236,24.991639
South Africa,2023,19.6,15.0,2.7,1260.5,947624529.5,38.75,9.0,32.0,-0.2615416666666661,14214.3679425,0.3875,Medium,-28.8166236,24.991639
UK,2000,23.1875,10.9875,3.5625,1259.25,859028389.375,28.125,9.25,51.2875,3.3259583333333325,9438.574428257813,0.28125,High,54.7023545,-3.2765753
UK,2001,16.15,13.25,2.5,1264.75,488699943.0,30.5,7.0,51.425000000000004,-3.711541666666669,6475.27424475,0.305,High,54.7023545,-3.2765753
UK,2002,19.8,15.85,2.6,1510.0,789768220.0,14.45,10.5,55.7,-0.06154166666666683,12517.826287,0.1445,High,54.7023545,-3.2765753
UK,2003,9.0,9.5,3.15,993.0,589028994.0,16.4,10.5,22.9,-10.861541666666668,5595.775443,0.16399999999999998,Low,54.7023545,-3.2765753
UK,2004,15.4,7.966666666666666,2.4,1840.0,643196659.0,31.233333333333334,3.6666666666666665,24.100000000000005,-4.461541666666667,5124.133383366666,0.31233333333333335,Low,54.7023545,-3.2765753
UK,2005,19.366666666666667,10.1,3.4666666666666663,1707.0,501254289.3333333,26.666666666666668,4.666666666666667,18.0,-0.4948750000000004,5062.668322266666,0.26666666666666666,Low,54.7023545,-3.2765753
UK,2006,16.375,11.925,2.875,1867.0,544496605.25,24.375,8.75,42.975,-3.4865416666666675,6493.122017606251,0.24375,Medium,54.7023545,-3.2765753
UK,2007,12.05,9.8,2.6,1375.5,1078034288.0,43.3,5.0,43.0,-7.811541666666667,10564.736022400002,0.433,Medium,54.7023545,-3.2765753
UK,2009,15.35,14.1,2.6500000000000004,1164.5,762789216.5,20.7,6.5,45.75,-4.511541666666668,10755.32795265,0.207,Medium,54.7023545,-3.2765753
UK,2010,19.3,10.5,4.3,891.0,1297221349.0,22.8,7.0,49.8,-0.5615416666666668,13620.8241645,0.228,Medium,54.7023545,-3.2765753
UK,2011,19.45,5.65,3.3,1750.25,454352788.25,29.849999999999998,9.75,47.075,-0.41154166666666825,2567.0932536125,0.2985,Medium,54.7023545,-3.2765753
UK,2012,15.4,6.95,1.95,2506.0,820208263.5,34.0,7.0,64.75,-4.461541666666667,5700.447431325,0.34,High,54.7023545,-3.2765753
UK,2014,16.75,15.725,2.025,1647.0,995875536.5,30.075,5.5,35.650000000000006,-3.1115416666666675,15660.1428114625,0.30075,Medium,54.7023545,-3.2765753
UK,2015,7.3,15.1,2.9,1034.0,628479992.0,40.7,7.0,11.2,-12.561541666666667,9490.0478792,0.40700000000000003,Low,54.7023545,-3.2765753
UK,2016,22.925,14.95,2.725,1471.0,1114005604.25,31.775000000000002,4.75,42.0,3.063458333333333,16654.383783537498,0.31775000000000003,Medium,54.7023545,-3.2765753
UK,2017,6.3,11.0,4.8,886.0,1193832295.0,23.8,13.0,35.0,-13.561541666666667,13132.155245,0.23800000000000002,Medium,54.7023545,-3.2765753
UK,2018,24.9,15.875,3.125,1113.25,449763737.5,27.875,9.5,41.875,5.038458333333331,7139.9993328125,0.27875,Medium,54.7023545,-3.2765753
UK,2019,20.025,17.15,3.45,1531.75,862072044.75,16.6,6.5,46.45,0.16345833333333104,14784.535567462499,0.166,Medium,54.7023545,-3.2765753
UK,2020,7.8,12.1,4.9,1541.0,31063151.0,47.0,11.0,16.1,-12.061541666666667,375.86412709999996,0.47,Low,54.7023545,-3.2765753
UK,2021,15.775,15.75,3.0,2268.75,631498987.75,29.05,10.75,59.025,-4.086541666666667,9946.1090570625,0.2905,High,54.7023545,-3.2765753
UK,2022,19.400000000000002,16.466666666666665,1.9666666666666668,1554.3333333333333,853986708.6666666,31.433333333333337,9.333333333333334,30.400000000000002,-0.4615416666666654,14062.314469377776,0.31433333333333335,Medium,54.7023545,-3.2765753
UK,2023,30.3,14.3,2.75,1503.0,923350357.5,24.700000000000003,6.0,53.349999999999994,10.438458333333333,13203.91011225,0.24700000000000003,High,54.7023545,-3.2765753
USA,2000,15.440000000000001,13.040000000000001,2.68,1762.6,692542847.8,32.019999999999996,9.0,38.78,-4.421541666666666,9030.758735312,0.3202,Medium,39.7837304,-100.445882
USA,2001,24.5,19.4,3.6,2041.0,214534006.0,47.7,10.0,60.9,4.6384583333333325,4161.9597164,0.47700000000000004,High,39.7837304,-100.445882
USA,2002,12.066666666666668,1.9666666666666668,3.1999999999999997,1936.3333333333333,726304333.3333334,23.8,9.333333333333334,37.63333333333333,-7.794874999999999,1428.3985222222223,0.23800000000000002,Medium,39.7837304,-100.445882
USA,2003,15.949999999999998,8.133333333333333,2.15,2140.8333333333335,858290009.6666666,23.46666666666667,6.333333333333333,34.93333333333333,-3.91154166666667,6980.758745288888,0.2346666666666667,Medium,39.7837304,-100.445882
USA,2004,22.0,13.299999999999999,2.266666666666667,1784.0,1161504021.6666667,35.233333333333334,7.666666666666667,39.0,2.1384583333333325,15448.003488166665,0.35233333333333333,Medium,39.7837304,-100.445882
USA,2005,27.1,12.0,2.5,622.0,1152039496.0,17.9,13.0,17.7,7.238458333333334,13824.473952,0.179,Low,39.7837304,-100.445882
USA,2006,24.54,13.4,2.7,2067.6,814080298.0,30.68,9.4,58.3,4.678458333333332,10908.6759932,0.3068,High,39.7837304,-100.445882
USA,2007,20.166666666666668,8.666666666666666,3.766666666666667,1760.6666666666667,483789758.6666667,7.433333333333334,7.666666666666667,24.400000000000002,0.3051250000000003,4192.844575111111,0.07433333333333333,Low,39.7837304,-100.445882
USA,2008,19.5,17.7,2.5,1419.0,1140062010.0,20.1,0.0,35.9,-0.36154166666666754,20179.097577,0.201,Medium,39.7837304,-100.445882
USA,2009,10.625,10.5,3.4,1617.0,778748288.25,26.8,2.5,30.025,-9.236541666666668,8176.857026625,0.268,Medium,39.7837304,-100.445882
USA,2011,30.8,12.8,2.45,922.0,562758301.5,36.650000000000006,7.5,27.450000000000003,10.938458333333333,7203.306259200001,0.36650000000000005,Medium,39.7837304,-100.445882
USA,2012,19.099999999999998,13.033333333333333,2.2666666666666666,1478.0,610799441.0,26.866666666666664,8.0,41.56666666666666,-0.7615416666666697,7960.752714366667,0.2686666666666666,Medium,39.7837304,-100.445882
USA,2013,20.3,14.8,3.2,886.0,202353097.0,17.6,12.0,29.0,0.4384583333333332,2994.8258356000006,0.17600000000000002,Medium,39.7837304,-100.445882
USA,2014,5.5,10.7,3.2,1015.0,560097732.0,42.2,2.0,50.4,-14.361541666666668,5993.0457324,0.42200000000000004,High,39.7837304,-100.445882
USA,2015,19.942857142857143,8.785714285714286,2.685714285714286,1484.142857142857,512316859.71428573,23.942857142857143,6.857142857142857,41.357142857142854,0.08131547619047552,4501.069553204083,0.23942857142857144,Medium,39.7837304,-100.445882
USA,2016,26.133333333333336,9.200000000000001,3.9666666666666663,1878.6666666666667,860716648.6666666,25.76666666666667,9.666666666666666,37.13333333333333,6.271791666666669,7918.593167733334,0.2576666666666667,Medium,39.7837304,-100.445882
USA,2018,18.9,14.1,2.7,1472.0,922097331.0,9.0,6.0,48.0,-0.961541666666669,13001.5723671,0.09,Medium,39.7837304,-100.445882
USA,2019,30.8,8.4,3.5,1891.0,704274155.3333334,26.333333333333332,7.333333333333333,28.066666666666666,10.938458333333333,5915.9029048,0.2633333333333333,Medium,39.7837304,-100.445882
USA,2020,14.25,10.6,3.325,2349.5,777056032.0,21.425,6.25,53.5,-5.6115416666666675,8236.793939199999,0.21425,High,39.7837304,-100.445882
USA,2021,26.45,16.05,2.6,1387.0,1094679998.0,23.7,6.5,13.55,6.588458333333332,17569.6139679,0.237,Low,39.7837304,-100.445882
USA,2022,17.285714285714285,11.242857142857144,3.528571428571429,1912.5714285714287,727402663.2857143,23.2,7.714285714285714,39.74285714285714,-2.575827380952383,8178.084228655102,0.23199999999999998,Medium,39.7837304,-100.445882
USA,2023,16.257142857142856,11.242857142857144,2.6714285714285713,1532.0,762887666.8571428,26.928571428571427,5.142857142857143,38.41428571428571,-3.6043988095238113,8577.037054522449,0.2692857142857143,Medium,39.7837304,-100.445882
